[
  {
    "id": "1",
    "old": "张三",
    "sex": "男",
    "age": "59",
    "bed":"501-1",
    "check":"2020-03-03",
    "days": "40",
    "cash": "5000.00",
    "agency": "1000.00",
    "bunk": "3000.00",
    "nursing": "2000.00",
    "board": "700.00",
    "deduction": "0.00",
    "summation": "6000.00",
    "state": "待缴费"
  },
  {
    "id": "2",
    "old": "张三",
    "sex": "男",
    "age": "59",
    "bed":"501-1",
    "check":"2020-03-03",
    "days": "40",
    "cash": "5000.00",
    "agency": "1000.00",
    "bunk": "3000.00",
    "nursing": "2000.00",
    "board": "700.00",
    "deduction": "0.00",
    "summation": "6000.00",
    "state": "待缴费"
  },
  {
    "id": "3",
    "old": "张三",
    "sex": "男",
    "age": "59",
    "bed":"501-1",
    "check":"2020-03-03",
    "days": "40",
    "cash": "5000.00",
    "agency": "1000.00",
    "bunk": "3000.00",
    "nursing": "2000.00",
    "board": "700.00",
    "deduction": "0.00",
    "summation": "6000.00",
    "state": "待缴费"
  },
  {
    "id": "4",
    "old": "张三",
    "sex": "男",
    "age": "59",
    "bed":"501-1",
    "check":"2020-03-03",
    "days": "40",
    "cash": "5000.00",
    "agency": "1000.00",
    "bunk": "3000.00",
    "nursing": "2000.00",
    "board": "700.00",
    "deduction": "0.00",
    "summation": "6000.00",
    "state": "待缴费"
  },
  {
    "id": "5",
    "old": "张三",
    "sex": "男",
    "age": "59",
    "bed":"501-1",
    "check":"2020-03-03",
    "days": "40",
    "cash": "5000.00",
    "agency": "1000.00",
    "bunk": "3000.00",
    "nursing": "2000.00",
    "board": "700.00",
    "deduction": "0.00",
    "summation": "6000.00",
    "state": "待缴费"
  }
]
