[
  {
    "Price": "2020-02-02",
    "trade": "110.00",
    "retail": "110.00",
    "purchase": "105.00",
    "regenerator": "张三"
  },
  {
    "Price": "2020-02-02",
    "trade": "110.00",
    "retail": "110.00",
    "purchase": "105.00",
    "regenerator": "李四"
  },
  {
    "Price": "2020-02-02",
    "trade": "110.00",
    "retail": "110.00",
    "purchase": "105.00",
    "regenerator": "李四"
  },
  {
    "Price": "2020-02-02",
    "trade": "110.00",
    "retail": "110.00",
    "purchase": "105.00",
    "regenerator": "张三"
  },
  {
    "Price": "2020-02-02",
    "trade": "110.00",
    "retail": "110.00",
    "purchase": "105.00",
    "regenerator": "张三"
  },
  {
    "Price": "2020-02-02",
    "trade": "110.00",
    "retail": "110.00",
    "purchase": "105.00",
    "regenerator": "张三"
  }
]
