[
    {
        "id":"1",
        "bed":"403-1",
        "image":"张三",
        "price":"1000",
        "founder":"张三",
        "addtime":"2020-02-02 16:00",
        "condition":"已预定"
    },
    {
        "id":"2",
        "bed":"403-2",
        "image":"李四",
        "price":"2000",
        "founder":"李四",
        "addtime":"2020-02-02 16:00",
        "condition":"已入住"
    },
    {
        "id":"3",
        "bed":"403-3",
        "image":"王五",
        "price":"3000",
        "founder":"王五",
        "addtime":"2020-02-02 16:00",
        "condition":"空置"
    },
    {
        "id":"4",
        "bed":"403-4",
        "image":"李白",
        "price":"4000",
        "founder":"李白",
        "addtime":"2020-02-02 16:00",
        "condition":"已锁定"
    }

]