[
  {
    "id": "1",
    "title": "2020-03-03  19：00",
    "feedback": "张国峰",
    "complaint": "张国峰",
    "addTime": "五楼 / 501 / 01   "
  },
  {
    "id": "2",
    "title": "2020-03-03  19：00",
    "feedback": "张国峰",
    "complaint": "张国峰",
    "addTime": "五楼 / 501 / 01   "
  },
  {
    "id": "3",
    "title": "2020-03-03  19：00",
    "feedback": "张国峰",
    "complaint": "张国峰",
    "addTime": "五楼 / 501 / 01   "
  },
  {
    "id": "4",
    "title": "2020-03-03  19：00",
    "feedback": "张国峰",
    "complaint": "张国峰",
    "addTime": "五楼 / 501 / 01   "
  },
  {
    "id": "5",
    "title": "2020-03-03  19：00",
    "feedback": "张国峰",
    "complaint": "张国峰",
    "addTime": "五楼 / 501 / 01   "
  }
]
