[
  {
    "id": "1",
    "year": "2020-11",
    "old": "张三",
    "bed":"2楼/201室/01",
    "time": "2020-02-02",
    "accommodation": "3000.00",
    "arrival": "2000.00",
    "nursing": "1000.00",
    "deduction": "0.00",
    "amount": "6000.00",
    "received": "",
    "state": "待缴费"
  },
  {
    "id": "2",
    "year": "2020-11",
    "old": "李四",
    "bed":"3楼/301室/01",
    "time": "2020-02-02",
    "accommodation": "3000.00",
    "arrival": "2000.00",
    "nursing": "1000.00",
    "deduction": "0.00",
    "amount": "6000.00",
    "received": "6000.00",
    "state": "已缴费"
  },
  {
    "id": "3",
    "year": "2020-11",
    "old": "王五",
    "bed":"2楼/201室/01",
    "time": "2020-02-02",
    "accommodation": "3000.00",
    "arrival": "2000.00",
    "nursing": "1000.00",
    "deduction": "0.00",
    "amount": "6000.00",
    "received": "",
    "state": "待缴费"
  },
  {
    "id": "4",
    "year": "2020-11",
    "old": "王五",
    "bed":"2楼/201室/01",
    "time": "2020-02-02",
    "accommodation": "3000.00",
    "arrival": "2000.00",
    "nursing": "1000.00",
    "deduction": "0.00",
    "amount": "6000.00",
    "received": "",
    "state": "待缴费"
  },
  {
    "id": "5",
    "year": "2020-11",
    "old": "王五",
    "bed":"2楼/201室/01",
    "time": "2020-02-02",
    "accommodation": "3000.00",
    "arrival": "2000.00",
    "nursing": "1000.00",
    "deduction": "0.00",
    "amount": "6000.00",
    "received": "6000.00",
    "state": "待缴费"
  }
]
