[
    {
        "id":1,
        "dimensionality":"进食"
    },
    {
        "id":2,
        "dimensionality":"洗澡"
    },
    {
        "id":3,
        "dimensionality":"修饰"
    },
    {
        "id":4,
        "dimensionality":"穿衣"
    },
    {
        "id":5,
        "dimensionality":"如厕、排泄"
    },
    {
        "id":6,
        "dimensionality":"移动"
    },
    {
        "id":7,
        "dimensionality":"认知能力"
    },
    {
        "id":8,
        "dimensionality":"情绪能力"
    }
]