[
  {
    "id": "1",
    "title": "百家益医疗设备",
    "feedback": "医院",
    "complaint": "张国峰",
    "addTime": "17768089849",
    "executor": "5",
    "completiontime": "1000"
  },
  {
    "id": "2",
    "title": "百家益医疗设备",
    "feedback": "医院",
    "complaint": "张国峰",
    "addTime": "17768089849",
    "executor": "5",
    "completiontime": "1000"
  },
  {
    "id": "3",
    "title": "百家益医疗设备",
    "feedback": "医院",
    "complaint": "张国峰",
    "addTime": "17768089849",
    "executor": "5",
    "completiontime": "1000"
  },
  {
    "id": "4",
    "title": "百家益医疗设备",
    "feedback": "医院",
    "complaint": "张国峰",
    "addTime": "17768089849",
    "executor": "5",
    "completiontime": "1000"
  },
  {
    "id": "5",
    "title": "百家益医疗设备",
    "feedback": "医院",
    "complaint": "张国峰",
    "addTime": "17768089849",
    "executor": "5",
    "completiontime": "1000"
  }
]
