[
  {
    "id": "1",
    "date": "2020-08-10",
    "point": "2000",
    "paid": "2000.00"
  },
  {
    "id": "2",
    "date": "2020-08-10",
    "point": "2000",
    "paid": "2000.00"
  },
  {
    "id": "3",
    "date": "2020-08-10",
    "point": "2000",
    "paid": "2000.00"
  },
  {
    "id": "4",
    "date": "2020-08-10",
    "point": "2000",
    "paid": "2000.00"
  },
  {
    "id": "5",
    "date": "2020-08-10",
    "point": "2000",
    "paid": "2000.00"
  },
  {
    "id": "6",
    "date": "2020-08-10",
    "point": "2000",
    "paid": "2000.00"
  }
]
