[
    {
        "id": "1",
        "floor": "1",
        "rooms": "5",
        "founder": "张三",
        "addtime": "2020-02-02 16:00"
    },
    {
        "id": "2",
        "floor": "2",
        "rooms": "4",
        "founder": "李四",
        "addtime": "2020-02-02 16:00"
    },
    {
        "id": "3",
        "floor": "3",
        "rooms": "5",
        "founder": "王五",
        "addtime": "2020-02-02 16:00"
    },
    {
        "id": "4",
        "floor": "4",
        "rooms": "2",
        "founder": "张三",
        "addtime": "2020-02-02 16:00"
    },
    {
        "id": "5",
        "floor": "5",
        "rooms": "3",
        "founder": "李四",
        "addtime": "2020-02-02 16:00"
    }
]