[
    {
        "id": "1",
        "oldname":"李思明",
        "bednumber":"502-1",
        "accompany":"李四",
        "tel":"17727838239",
        "timeout":"2020~02~02~2020~03~03",
        "founder":"李四",
        "creationtime":"17727838239",
        "status":"待审批"
    },
    {
        "id": "2",
        "oldname":"李海",
        "bednumber":"502-2",
        "accompany":"王五",
        "tel":"17727838239",
        "timeout":"2020~02~02~2020~03~03",
        "founder":"王五",
        "creationtime":"17727838239",
        "status":"审批通过"
    },
    {
        "id": "3",
        "oldname":"张国锋",
        "bednumber":"502-1",
        "accompany":"李白",
        "tel":"17727838239",
        "timeout":"2020~02~02~2020~03~03",
        "founder":"李白",
        "creationtime":"17727838239",
        "status":"审批拒绝"
    }
]