[
    {
      "id": "1",
      "bed": "502",
      "room": "502",
      "old": "张国峰",
      "sex":"男",
      "ibnumber":"320918892919222",
      "discharge": "2020-02-02",
      "reason": "不想住了",
      "state": "待结算"
    },
    {
        "id": "2",
        "bed": "502",
        "room": "502",
        "old": "李思明",
        "sex":"男",
        "ibnumber":"320918892919222",
        "discharge": "2020-02-02",
        "reason": "不想住了",
        "state": "已结算"
      },
      {
        "id": "3",
        "bed": "502",
        "room": "502",
        "old": "张国峰",
        "sex":"男",
        "ibnumber":"320918892919222",
        "discharge": "2020-02-02",
        "reason": "不想住了",
        "state": "待结算"
      },
      {
        "id": "4",
        "bed": "502",
        "room": "502",
        "old": "张国峰",
        "sex":"男",
        "ibnumber":"320918892919222",
        "discharge": "2020-02-02",
        "reason": "不想住了",
        "state": "待结算"
      },
      {
        "id": "5",
        "bed": "502",
        "room": "502",
        "old": "李海",
        "sex":"男",
        "ibnumber":"320918892919222",
        "discharge": "2020-02-02",
        "reason": "不想住了",
        "state": "待结算"
      }
  ]
  