[
    {
        "serve": "辅助起床"
    },
    {
        "serve": "辅助就餐"
    },
    {
        "serve": "辅助洗澡"
    },
    {
        "serve": "辅助刷牙"
    },
    {
        "serve": "点餐服务"
    },
    {
        "serve":"协助取餐"
    },
    {
        "serve":"收取药品"
    },
    {
        "serve":"辅助喂药"
    },
    {
        "serve":"辅助洗澡"
    },
    {
        "serve":"辅助如厕"
    },
    {
        "serve":"辅助起床"
    },
    {
        "serve":"辅助就寝"
    },
    {
        "serve":"房屋清洁"
    }
 
]