[
  {
      "id": 42,
      "name": "任务管理",
      "icon": "icon-task",
      "url": "",
      "pathName": "",
      "pid": 0,
      "sort": 42,
      "type": 3,
      "isButton": 0
  },
  {
      "id": 43,
      "name": "任务看板",
      "icon": "icon-spectaculars",
      "url": "Spectaculars",
      "pathName": "Spectaculars",
      "pid": 42,
      "sort": 43,
      "type": 3,
      "isButton": 0
  },
  {
      "id": 44,
      "name": "任务详情",
      "icon": "",
      "url": "particulars",
      "pathName": "particulars",
      "pid": 42,
      "sort": 44,
      "type": 3,
      "isButton": 0
  },
  {
      "id": 45,
      "name": "交接记录",
      "icon": "icon-record",
      "url": "Record",
      "pathName": "Record",
      "pid": 42,
      "sort": 45,
      "type": 3,
      "isButton": 0
  },
  {
      "id": 46,
      "name": "养老护理",
      "icon": "icon-nurse",
      "url": "",
      "pathName": "",
      "pid": 0,
      "sort": 46,
      "type": 3,
      "isButton": 0
  },
  {
      "id": 47,
      "name": "夜巡管理",
      "icon": "icon-nightwatch",
      "url": "NightWatch",
      "pathName": "NightWatch",
      "pid": 46,
      "sort": 47,
      "type": 3,
      "isButton": 0
  },
  {
      "id": 48,
      "name": "地址管理",
      "icon": "icon-address",
      "url": "Address",
      "pathName": "Address",
      "pid": 46,
      "sort": 48,
      "type": 3,
      "isButton": 0
  },
  {
      "id": 49,
      "name": "床位更换",
      "icon": "icon-exchange",
      "url": "Exchange",
      "pathName": "Exchange",
      "pid": 46,
      "sort": 49,
      "type": 3,
      "isButton": 0
  },
  {
      "id": 50,
      "name": "新增床位",
      "icon": "",
      "url": "",
      "pathName": "",
      "pid": 46,
      "sort": 50,
      "type": 3,
      "isButton": 0
  },
  {
      "id": 51,
      "name": "编辑床位",
      "icon": "",
      "url": "",
      "pathName": "",
      "pid": 46,
      "sort": 51,
      "type": 3,
      "isButton": 0
  },
  {
      "id": 52,
      "name": "外出申请",
      "icon": "icon-goout",
      "url": "Goout",
      "pathName": "Goout",
      "pid": 46,
      "sort": 52,
      "type": 3,
      "isButton": 0
  },
  {
      "id": 53,
      "name": "新增外出",
      "icon": "",
      "url": "",
      "pathName": "",
      "pid": 46,
      "sort": 53,
      "type": 3,
      "isButton": 0
  },
  {
      "id": 54,
      "name": "编辑外出",
      "icon": "",
      "url": "",
      "pathName": "",
      "pid": 46,
      "sort": 54,
      "type": 3,
      "isButton": 0
  },
  {
      "id": 55,
      "name": "外出登记",
      "icon": "icon-applyfor",
      "url": "ApplyFor",
      "pathName": "ApplyFor",
      "pid": 46,
      "sort": 55,
      "type": 3,
      "isButton": 0
  },
  {
      "id": 56,
      "name": "精神慰籍",
      "icon": "icon-comfort",
      "url": "Activity/1",
      "pathName": "Activity/1",
      "pid": 46,
      "sort": 56,
      "type": 3,
      "isButton": 0
  },
  {
      "id": 57,
      "name": "老人文娱",
      "icon": "icon-entertainment",
      "url": "Activity/2",
      "pathName": "Activity/2",
      "pid": 46,
      "sort": 57,
      "type": 3,
      "isButton": 0
  },
  {
      "id": 58,
      "name": "老人晨练",
      "icon": "icon-morning",
      "url": "Activity/3",
      "pathName": "Activity/3",
      "pid": 46,
      "sort": 58,
      "type": 3,
      "isButton": 0
  },
  {
      "id": 59,
      "name": "洗衣错衣",
      "icon": "inco-laundry",
      "url": "Laundry",
      "pathName": "Laundry",
      "pid": 46,
      "sort": 59,
      "type": 3,
      "isButton": 0
  },
  {
      "id": 60,
      "name": "医护管理",
      "icon": "icon-medicalcare",
      "url": "",
      "pathName": "",
      "pid": 0,
      "sort": 60,
      "type": 3,
      "isButton": 0
  },
  {
      "id": 61,
      "name": "用药登记",
      "icon": "icon-register",
      "url": "Register",
      "pathName": "Register",
      "pid": 60,
      "sort": 61,
      "type": 3,
      "isButton": 0
  },
  {
      "id": 62,
      "name": "用药登记详情",
      "icon": "",
      "url": "Registerinfo",
      "pathName": "Registerinfo",
      "pid": 60,
      "sort": 62,
      "type": 3,
      "isButton": 1
  },
  {
      "id": 63,
      "name": "新增用药登记",
      "icon": "",
      "url": "AddRegisterinfo",
      "pathName": "AddRegisterinfo",
      "pid": 60,
      "sort": 63,
      "type": 3,
      "isButton": 1
  },
  {
      "id": 64,
      "name": "编辑用药登记",
      "icon": "",
      "url": "AddRegisterinfo",
      "pathName": "AddRegisterinfo",
      "pid": 60,
      "sort": 64,
      "type": 3,
      "isButton": 1
  },
  {
      "id": 65,
      "name": "删除用药登记",
      "icon": "",
      "url": "",
      "pathName": "",
      "pid": 60,
      "sort": 65,
      "type": 3,
      "isButton": 1
  },
  {
      "id": 66,
      "name": "用药计划",
      "icon": "icon-project",
      "url": "Project",
      "pathName": "Project",
      "pid": 60,
      "sort": 66,
      "type": 3,
      "isButton": 0
  },
  {
      "id": 67,
      "name": "用药计划设置",
      "icon": "",
      "url": "Emit",
      "pathName": "Emit",
      "pid": 60,
      "sort": 67,
      "type": 3,
      "isButton": 1
  },
  {
      "id": 68,
      "name": "健康档案",
      "icon": "icon-record",
      "url": "Record",
      "pathName": "Record",
      "pid": 60,
      "sort": 68,
      "type": 3,
      "isButton": 0
  },
  {
      "id": 69,
      "name": "健康档案管理",
      "icon": "",
      "url": "RecordAdmin",
      "pathName": "RecordAdmin",
      "pid": 60,
      "sort": 69,
      "type": 3,
      "isButton": 1
  },
  {
      "id": 70,
      "name": "查看体检报告详情",
      "icon": "",
      "url": "MedicalInfo",
      "pathName": "MedicalInfo",
      "pid": 60,
      "sort": 70,
      "type": 3,
      "isButton": 1
  },
  {
      "id": 72,
      "name": "医生查房详情",
      "icon": "",
      "url": "",
      "pathName": "",
      "pid": 60,
      "sort": 72,
      "type": 3,
      "isButton": 1
  },
  {
      "id": 73,
      "name": "护士测量记录",
      "icon": "icon-nurse",
      "url": "Nurse",
      "pathName": "Nurse",
      "pid": 60,
      "sort": 73,
      "type": 3,
      "isButton": 0
  },
  {
      "id": 71,
      "name": "医生查房记录",
      "icon": "icon-doctor",
      "url": "Doctor",
      "pathName": "Doctor",
      "pid": 60,
      "sort": 74,
      "type": 3,
      "isButton": 0
  },
  {
      "id": 74,
      "name": "后勤管理",
      "icon": "icon-logistics",
      "url": "Logistics",
      "pathName": "Logistics",
      "pid": 0,
      "sort": 74,
      "type": 3,
      "isButton": 0
  },
  {
      "id": 76,
      "name": "编辑采购申请",
      "icon": "",
      "url": "AddPurchase",
      "pathName": "AddPurchase",
      "pid": 74,
      "sort": 76,
      "type": 3,
      "isButton": 1
  },
  {
      "id": 77,
      "name": "删除采购申请",
      "icon": "",
      "url": "",
      "pathName": "",
      "pid": 74,
      "sort": 77,
      "type": 3,
      "isButton": 0
  },
  {
      "id": 75,
      "name": "创建采购申请",
      "icon": "",
      "url": "AddPurchase",
      "pathName": "AddPurchase",
      "pid": 74,
      "sort": 78,
      "type": 3,
      "isButton": 1
  },
  {
      "id": 78,
      "name": "市场销售",
      "icon": "icon-marketing",
      "url": "",
      "pathName": "",
      "pid": 0,
      "sort": 78,
      "type": 3,
      "isButton": 0
  },
  {
      "id": 79,
      "name": "潜在客户",
      "icon": "icon-client",
      "url": "Client",
      "pathName": "Client",
      "pid": 78,
      "sort": 79,
      "type": 3,
      "isButton": 1
  },
  {
      "id": 80,
      "name": "新增潜在客户",
      "icon": "",
      "url": "AddClient",
      "pathName": "AddClient",
      "pid": 78,
      "sort": 80,
      "type": 3,
      "isButton": 1
  },
  {
      "id": 81,
      "name": "编辑潜在客户",
      "icon": "",
      "url": "AddClient",
      "pathName": "AddClient",
      "pid": 78,
      "sort": 81,
      "type": 3,
      "isButton": 1
  },
  {
      "id": 82,
      "name": "删除潜在客户",
      "icon": "",
      "url": "",
      "pathName": "",
      "pid": 78,
      "sort": 82,
      "type": 3,
      "isButton": 1
  },
  {
      "id": 83,
      "name": "资讯登记",
      "icon": "",
      "url": "NewsRegister",
      "pathName": "NewsRegister",
      "pid": 78,
      "sort": 83,
      "type": 3,
      "isButton": 1
  },
  {
      "id": 84,
      "name": "回访记录",
      "icon": "",
      "url": "Callback",
      "pathName": "Callback",
      "pid": 78,
      "sort": 84,
      "type": 3,
      "isButton": 1
  },
  {
      "id": 85,
      "name": "潜在客户详情",
      "icon": "",
      "url": "ClientInfo",
      "pathName": "ClientInfo",
      "pid": 78,
      "sort": 85,
      "type": 3,
      "isButton": 1
  },
  {
      "id": 86,
      "name": "老人管理",
      "icon": "icon-oldy",
      "url": "Oldy",
      "pathName": "Oldy",
      "pid": 78,
      "sort": 86,
      "type": 3,
      "isButton": 0
  },
  {
      "id": 87,
      "name": "新增老人",
      "icon": "",
      "url": "AddOldy",
      "pathName": "AddOldy",
      "pid": 78,
      "sort": 87,
      "type": 3,
      "isButton": 1
  },
  {
      "id": 88,
      "name": "编辑老人",
      "icon": "",
      "url": "AddOldy",
      "pathName": "AddOldy",
      "pid": 78,
      "sort": 88,
      "type": 3,
      "isButton": 1
  },
  {
      "id": 89,
      "name": "删除老人",
      "icon": "",
      "url": "",
      "pathName": "",
      "pid": 78,
      "sort": 89,
      "type": 3,
      "isButton": 1
  },
  {
      "id": 90,
      "name": "档案管理",
      "icon": "",
      "url": "Archive ",
      "pathName": "Archive ",
      "pid": 78,
      "sort": 90,
      "type": 3,
      "isButton": 1
  },
  {
      "id": 91,
      "name": "排班管理",
      "icon": "",
      "url": "Workforce",
      "pathName": "Workforce",
      "pid": 78,
      "sort": 91,
      "type": 3,
      "isButton": 1
  },
  {
      "id": 92,
      "name": "计划任务",
      "icon": "",
      "url": "Plan",
      "pathName": "Plan",
      "pid": 78,
      "sort": 92,
      "type": 3,
      "isButton": 1
  },
  {
      "id": 93,
      "name": "预定登记",
      "icon": "icon-reserve",
      "url": "Reserve",
      "pathName": "Reserve",
      "pid": 78,
      "sort": 93,
      "type": 3,
      "isButton": 1
  },
  {
      "id": 94,
      "name": "新增预定",
      "icon": "",
      "url": "AddReserve",
      "pathName": "AddReserve",
      "pid": 78,
      "sort": 94,
      "type": 3,
      "isButton": 1
  },
  {
      "id": 95,
      "name": "编辑预定",
      "icon": "",
      "url": "AddReserve",
      "pathName": "AddReserve",
      "pid": 78,
      "sort": 95,
      "type": 3,
      "isButton": 1
  },
  {
      "id": 96,
      "name": "删除预定",
      "icon": "",
      "url": "",
      "pathName": "",
      "pid": 78,
      "sort": 96,
      "type": 3,
      "isButton": 1
  },
  {
      "id": 97,
      "name": "预定详情",
      "icon": "",
      "url": "ReserveInfo",
      "pathName": "ReserveInfo",
      "pid": 78,
      "sort": 97,
      "type": 3,
      "isButton": 1
  },
  {
      "id": 98,
      "name": "入院管理",
      "icon": "icon-hospitalized",
      "url": "Hospitalized",
      "pathName": "Hospitalized",
      "pid": 78,
      "sort": 98,
      "type": 3,
      "isButton": 0
  },
  {
      "id": 99,
      "name": "新增入院申请",
      "icon": "",
      "url": "AddReserve",
      "pathName": "AddReserve",
      "pid": 78,
      "sort": 99,
      "type": 3,
      "isButton": 1
  },
  {
      "id": 100,
      "name": "编辑入院申请",
      "icon": "",
      "url": "AddReserve",
      "pathName": "AddReserve",
      "pid": 78,
      "sort": 100,
      "type": 3,
      "isButton": 1
  },
  {
      "id": 101,
      "name": "删除入院申请",
      "icon": "",
      "url": "",
      "pathName": "",
      "pid": 78,
      "sort": 101,
      "type": 3,
      "isButton": 1
  },
  {
      "id": 102,
      "name": "下单",
      "icon": "",
      "url": "Orders",
      "pathName": "Orders",
      "pid": 78,
      "sort": 102,
      "type": 3,
      "isButton": 1
  },
  {
      "id": 103,
      "name": "入院详情",
      "icon": "",
      "url": "HospitalizedInfo",
      "pathName": "HospitalizedInfo",
      "pid": 78,
      "sort": 103,
      "type": 3,
      "isButton": 1
  },
  {
      "id": 104,
      "name": "出院管理",
      "icon": "incon-tohospital",
      "url": "ToHospital",
      "pathName": "ToHospital",
      "pid": 78,
      "sort": 104,
      "type": 3,
      "isButton": 0
  },
  {
      "id": 105,
      "name": "新增出院申请",
      "icon": "",
      "url": "",
      "pathName": "",
      "pid": 78,
      "sort": 105,
      "type": 3,
      "isButton": 1
  },
  {
      "id": 106,
      "name": "编辑出院申请",
      "icon": "",
      "url": "",
      "pathName": "",
      "pid": 78,
      "sort": 106,
      "type": 3,
      "isButton": 1
  },
  {
      "id": 107,
      "name": "删除出院申请",
      "icon": "",
      "url": "",
      "pathName": "",
      "pid": 78,
      "sort": 107,
      "type": 3,
      "isButton": 1
  },
  {
      "id": 108,
      "name": "护理等级变更",
      "icon": "icon-pflegestufe",
      "url": "Pflegestufe",
      "pathName": "Pflegestufe",
      "pid": 78,
      "sort": 108,
      "type": 3,
      "isButton": 0
  },
  {
      "id": 109,
      "name": "新增护理等级变更",
      "icon": "",
      "url": "",
      "pathName": "",
      "pid": 78,
      "sort": 109,
      "type": 3,
      "isButton": 1
  },
  {
      "id": 110,
      "name": "编辑护理等级变更",
      "icon": "",
      "url": "",
      "pathName": "",
      "pid": 78,
      "sort": 110,
      "type": 3,
      "isButton": 1
  },
  {
      "id": 111,
      "name": "护理等级变更详情",
      "icon": "",
      "url": "PflegestufeInfo",
      "pathName": "PflegestufeInfo",
      "pid": 78,
      "sort": 111,
      "type": 3,
      "isButton": 1
  },
  {
      "id": 112,
      "name": "推荐人管理",
      "icon": "icon-referrer",
      "url": "Referrer",
      "pathName": "Referrer",
      "pid": 78,
      "sort": 112,
      "type": 3,
      "isButton": 0
  },
  {
      "id": 113,
      "name": "新增推荐人",
      "icon": "",
      "url": "",
      "pathName": "",
      "pid": 78,
      "sort": 113,
      "type": 3,
      "isButton": 1
  },
  {
      "id": 114,
      "name": "编辑推荐人",
      "icon": "",
      "url": "",
      "pathName": "",
      "pid": 78,
      "sort": 114,
      "type": 3,
      "isButton": 1
  },
  {
      "id": 116,
      "name": "合作组织管理",
      "icon": "icon-cooperative",
      "url": "Cooperative",
      "pathName": "Cooperative",
      "pid": 78,
      "sort": 116,
      "type": 3,
      "isButton": 0
  },
  {
      "id": 117,
      "name": "增加合作组织",
      "icon": "",
      "url": "",
      "pathName": "",
      "pid": 78,
      "sort": 117,
      "type": 3,
      "isButton": 1
  },
  {
      "id": 118,
      "name": "编辑合作组织",
      "icon": "",
      "url": "",
      "pathName": "",
      "pid": 78,
      "sort": 118,
      "type": 3,
      "isButton": 1
  },
  {
      "id": 119,
      "name": "删除合作组织",
      "icon": "",
      "url": "",
      "pathName": "",
      "pid": 78,
      "sort": 119,
      "type": 3,
      "isButton": 1
  },
  {
      "id": 120,
      "name": "行政查房",
      "icon": "icon-wardround",
      "url": "WardRound",
      "pathName": "WardRound",
      "pid": 78,
      "sort": 120,
      "type": 3,
      "isButton": 0
  },
  {
      "id": 121,
      "name": "行政查房详情",
      "icon": "",
      "url": "WardRoundInfo",
      "pathName": "WardRoundInfo",
      "pid": 78,
      "sort": 121,
      "type": 3,
      "isButton": 1
  },
  {
      "id": 122,
      "name": "投诉建议",
      "icon": "icon-complaint",
      "url": "Complaint",
      "pathName": "Complaint",
      "pid": 78,
      "sort": 122,
      "type": 3,
      "isButton": 0
  },
  {
      "id": 123,
      "name": "投诉建议详情",
      "icon": "",
      "url": "ComplaintInfo",
      "pathName": "ComplaintInfo",
      "pid": 78,
      "sort": 123,
      "type": 3,
      "isButton": 1
  },
  {
      "id": 124,
      "name": "财务收支",
      "icon": "icon-finance",
      "url": "",
      "pathName": "",
      "pid": 0,
      "sort": 124,
      "type": 3,
      "isButton": 0
  },
  {
      "id": 125,
      "name": "催收管理",
      "icon": "icon-collection",
      "url": "Collection",
      "pathName": "Collection",
      "pid": 124,
      "sort": 124,
      "type": 3,
      "isButton": 0
  },
  {
      "id": 126,
      "name": "结算单明细",
      "icon": "",
      "url": "CollectionInfo",
      "pathName": "CollectionInfo",
      "pid": 124,
      "sort": 126,
      "type": 3,
      "isButton": 1
  },
  {
      "id": 127,
      "name": "入院费用核对管理",
      "icon": "icon-hospitalexpense",
      "url": "HospitalExpense",
      "pathName": "HospitalExpense",
      "pid": 124,
      "sort": 127,
      "type": 3,
      "isButton": 0
  },
  {
      "id": 128,
      "name": "出院结算",
      "icon": "icon-settleaccounts",
      "url": "SettleAccounts",
      "pathName": "SettleAccounts",
      "pid": 124,
      "sort": 128,
      "type": 3,
      "isButton": 0
  },
  {
      "id": 129,
      "name": "薪资福利结算",
      "icon": "icon-salary",
      "url": "Salary",
      "pathName": "Salary",
      "pid": 124,
      "sort": 129,
      "type": 3,
      "isButton": 0
  },
  {
      "id": 130,
      "name": "薪资明细",
      "icon": "",
      "url": "Salaryinfo",
      "pathName": "Salaryinfo",
      "pid": 124,
      "sort": 130,
      "type": 3,
      "isButton": 1
  },
  {
      "id": 132,
      "name": "部门管理",
      "icon": "icon-department",
      "url": "Department",
      "pathName": "Department",
      "pid": 131,
      "sort": 132,
      "type": 3,
      "isButton": 0
  },
  {
      "id": 133,
      "name": "增加部门",
      "icon": "",
      "url": "",
      "pathName": "",
      "pid": 131,
      "sort": 133,
      "type": 3,
      "isButton": 1
  },
  {
      "id": 134,
      "name": "编辑部门",
      "icon": "",
      "url": "",
      "pathName": "",
      "pid": 131,
      "sort": 134,
      "type": 3,
      "isButton": 1
  },
  {
      "id": 135,
      "name": "删除部门",
      "icon": "",
      "url": "",
      "pathName": "",
      "pid": 131,
      "sort": 135,
      "type": 3,
      "isButton": 1
  },
  {
      "id": 136,
      "name": "岗位管理",
      "icon": "icon-post",
      "url": "Post",
      "pathName": "Post",
      "pid": 131,
      "sort": 136,
      "type": 3,
      "isButton": 0
  },
  {
      "id": 137,
      "name": "新增岗位",
      "icon": "",
      "url": "AddPost",
      "pathName": "AddPost",
      "pid": 131,
      "sort": 137,
      "type": 3,
      "isButton": 1
  },
  {
      "id": 138,
      "name": "编辑岗位",
      "icon": "",
      "url": "AddPost",
      "pathName": "AddPost",
      "pid": 131,
      "sort": 138,
      "type": 3,
      "isButton": 1
  },
  {
      "id": 139,
      "name": "删除岗位",
      "icon": "",
      "url": "",
      "pathName": "",
      "pid": 131,
      "sort": 139,
      "type": 3,
      "isButton": 1
  },
  {
      "id": 140,
      "name": "员工管理",
      "icon": "icon-staff",
      "url": "Staff",
      "pathName": "Staff",
      "pid": 131,
      "sort": 140,
      "type": 3,
      "isButton": 0
  },
  {
      "id": 141,
      "name": "新增员工",
      "icon": "",
      "url": "AddStaff",
      "pathName": "AddStaff",
      "pid": 131,
      "sort": 141,
      "type": 3,
      "isButton": 1
  },
  {
      "id": 142,
      "name": "编辑员工",
      "icon": "",
      "url": "AddStaff",
      "pathName": "AddStaff",
      "pid": 131,
      "sort": 142,
      "type": 3,
      "isButton": 1
  },
  {
      "id": 143,
      "name": "删除员工",
      "icon": "",
      "url": "",
      "pathName": "",
      "pid": 131,
      "sort": 143,
      "type": 3,
      "isButton": 1
  },
  {
      "id": 144,
      "name": "禁用员工",
      "icon": "",
      "url": "",
      "pathName": "",
      "pid": 131,
      "sort": 144,
      "type": 3,
      "isButton": 1
  },
  {
      "id": 145,
      "name": "护工薪资管理",
      "icon": "icon-salaryworker",
      "url": "SalaryWorker",
      "pathName": "SalaryWorker",
      "pid": 131,
      "sort": 145,
      "type": 3,
      "isButton": 0
  },
  {
      "id": 146,
      "name": "任务奖励设置",
      "icon": "icon-taskreward",
      "url": "TaskReward",
      "pathName": "TaskReward",
      "pid": 131,
      "sort": 146,
      "type": 3,
      "isButton": 0
  },
  {
      "id": 115,
      "name": "删除推荐人",
      "icon": "",
      "url": "",
      "pathName": "",
      "pid": 78,
      "sort": 147,
      "type": 3,
      "isButton": 1
  },
  {
      "id": 131,
      "name": "人事行政管理",
      "icon": "icon-personnel",
      "url": "",
      "pathName": "",
      "pid": 0,
      "sort": 147,
      "type": 3,
      "isButton": 0
  },
  {
      "id": 147,
      "name": "审批管理",
      "icon": "icon-approval",
      "url": "",
      "pathName": "",
      "pid": 0,
      "sort": 147,
      "type": 3,
      "isButton": 0
  },
  {
      "id": 148,
      "name": "床位更换申请审批",
      "icon": "icon-bedapproval",
      "url": "BedApproval",
      "pathName": "BedApproval",
      "pid": 147,
      "sort": 148,
      "type": 3,
      "isButton": 0
  },
  {
      "id": 149,
      "name": "床位更换审批",
      "icon": "",
      "url": "BedApprovalInfo",
      "pathName": "BedApprovalInfo",
      "pid": 147,
      "sort": 149,
      "type": 3,
      "isButton": 1
  },
  {
      "id": 150,
      "name": "外出申请审批",
      "icon": "incn-toapproval",
      "url": "ToApproval",
      "pathName": "ToApproval",
      "pid": 147,
      "sort": 150,
      "type": 3,
      "isButton": 0
  },
  {
      "id": 151,
      "name": "外出审批",
      "icon": "",
      "url": "ToApprovalInfo",
      "pathName": "ToApprovalInfo",
      "pid": 147,
      "sort": 151,
      "type": 3,
      "isButton": 1
  },
  {
      "id": 152,
      "name": "护理等级变更申请审批",
      "icon": "icon-pflapproval",
      "url": "PflApproval",
      "pathName": "PflApproval",
      "pid": 147,
      "sort": 152,
      "type": 3,
      "isButton": 0
  },
  {
      "id": 153,
      "name": "护理登记审批",
      "icon": "",
      "url": "PflApproval",
      "pathName": "PflApproval",
      "pid": 147,
      "sort": 153,
      "type": 3,
      "isButton": 1
  },
  {
      "id": 154,
      "name": "基础设置",
      "icon": "icon-basics",
      "url": "",
      "pathName": "",
      "pid": 0,
      "sort": 154,
      "type": 3,
      "isButton": 0
  },
  {
      "id": 155,
      "name": "护工设置",
      "icon": "icon-careworker",
      "url": "CareWorker",
      "pathName": "CareWorker",
      "pid": 154,
      "sort": 155,
      "type": 3,
      "isButton": 0
  },
  {
      "id": 156,
      "name": "新增护工",
      "icon": "",
      "url": "",
      "pathName": "",
      "pid": 154,
      "sort": 156,
      "type": 3,
      "isButton": 1
  },
  {
      "id": 157,
      "name": "删除护工",
      "icon": "",
      "url": "",
      "pathName": "",
      "pid": 154,
      "sort": 157,
      "type": 3,
      "isButton": 1
  },
  {
      "id": 158,
      "name": "护理服务",
      "icon": "icon-nursingworker",
      "url": "NursingWorker",
      "pathName": "NursingWorker",
      "pid": 154,
      "sort": 158,
      "type": 3,
      "isButton": 0
  },
  {
      "id": 159,
      "name": "增加护理服务",
      "icon": "",
      "url": "",
      "pathName": "",
      "pid": 154,
      "sort": 159,
      "type": 3,
      "isButton": 1
  },
  {
      "id": 160,
      "name": "编辑护理服务",
      "icon": "",
      "url": "",
      "pathName": "",
      "pid": 154,
      "sort": 160,
      "type": 3,
      "isButton": 1
  },
  {
      "id": 161,
      "name": "删除护理服务",
      "icon": "",
      "url": "",
      "pathName": "",
      "pid": 154,
      "sort": 161,
      "type": 3,
      "isButton": 1
  },
  {
      "id": 162,
      "name": "护理等级",
      "icon": "icon-nursinggrade",
      "url": "NursingGrade",
      "pathName": "NursingGrade",
      "pid": 154,
      "sort": 162,
      "type": 3,
      "isButton": 0
  },
  {
      "id": 163,
      "name": "增加护理等级",
      "icon": "",
      "url": "",
      "pathName": "",
      "pid": 154,
      "sort": 163,
      "type": 3,
      "isButton": 1
  },
  {
      "id": 164,
      "name": "编辑护理等级",
      "icon": "",
      "url": "",
      "pathName": "",
      "pid": 154,
      "sort": 164,
      "type": 3,
      "isButton": 1
  },
  {
      "id": 165,
      "name": "删除护理等级",
      "icon": "",
      "url": "",
      "pathName": "",
      "pid": 154,
      "sort": 165,
      "type": 3,
      "isButton": 1
  },
  {
      "id": 166,
      "name": "配置护理方案",
      "icon": "",
      "url": "NursingGradeScheme",
      "pathName": "NursingGradeScheme",
      "pid": 154,
      "sort": 166,
      "type": 3,
      "isButton": 1
  },
  {
      "id": 167,
      "name": "护理项目",
      "icon": "icon-nursingitem",
      "url": "NursingItem",
      "pathName": "NursingItem",
      "pid": 154,
      "sort": 167,
      "type": 3,
      "isButton": 0
  },
  {
      "id": 168,
      "name": "新增护理项目",
      "icon": "",
      "url": "",
      "pathName": "",
      "pid": 154,
      "sort": 168,
      "type": 3,
      "isButton": 1
  },
  {
      "id": 169,
      "name": "编辑护理项目",
      "icon": "",
      "url": "",
      "pathName": "",
      "pid": 154,
      "sort": 169,
      "type": 3,
      "isButton": 1
  },
  {
      "id": 170,
      "name": "删除护理项目",
      "icon": "",
      "url": "",
      "pathName": "",
      "pid": 154,
      "sort": 170,
      "type": 3,
      "isButton": 1
  },
  {
      "id": 172,
      "name": "楼层管理",
      "icon": "iocn-floor",
      "url": "Floor",
      "pathName": "Floor",
      "pid": 154,
      "sort": 172,
      "type": 3,
      "isButton": 0
  },
  {
      "id": 173,
      "name": "新增楼层",
      "icon": "",
      "url": "",
      "pathName": "",
      "pid": 154,
      "sort": 173,
      "type": 3,
      "isButton": 1
  },
  {
      "id": 171,
      "name": "配置护理项目",
      "icon": "",
      "url": "NursingItemScheme",
      "pathName": "NursingItemScheme",
      "pid": 154,
      "sort": 174,
      "type": 3,
      "isButton": 1
  },
  {
      "id": 174,
      "name": "编辑楼层",
      "icon": "",
      "url": "",
      "pathName": "",
      "pid": 154,
      "sort": 174,
      "type": 3,
      "isButton": 1
  },
  {
      "id": 176,
      "name": "房间管理",
      "icon": "icon-room",
      "url": "Room",
      "pathName": "Room",
      "pid": 154,
      "sort": 176,
      "type": 3,
      "isButton": 0
  },
  {
      "id": 177,
      "name": "新增房间",
      "icon": "",
      "url": "",
      "pathName": "",
      "pid": 154,
      "sort": 177,
      "type": 3,
      "isButton": 1
  },
  {
      "id": 175,
      "name": "删除楼层",
      "icon": "",
      "url": "",
      "pathName": "",
      "pid": 154,
      "sort": 178,
      "type": 3,
      "isButton": 1
  },
  {
      "id": 178,
      "name": "编辑房间",
      "icon": "",
      "url": "",
      "pathName": "",
      "pid": 154,
      "sort": 178,
      "type": 3,
      "isButton": 1
  },
  {
      "id": 179,
      "name": "删除房间",
      "icon": "",
      "url": "",
      "pathName": "",
      "pid": 154,
      "sort": 179,
      "type": 3,
      "isButton": 1
  },
  {
      "id": 180,
      "name": "床位管理",
      "icon": "icon-bed",
      "url": "Bed",
      "pathName": "Bed",
      "pid": 154,
      "sort": 180,
      "type": 3,
      "isButton": 0
  },
  {
      "id": 181,
      "name": "新增床位",
      "icon": "",
      "url": "",
      "pathName": "",
      "pid": 154,
      "sort": 181,
      "type": 3,
      "isButton": 1
  },
  {
      "id": 182,
      "name": "编辑床位",
      "icon": "",
      "url": "",
      "pathName": "",
      "pid": 154,
      "sort": 182,
      "type": 3,
      "isButton": 1
  },
  {
      "id": 183,
      "name": "删除床位",
      "icon": "",
      "url": "",
      "pathName": "",
      "pid": 154,
      "sort": 183,
      "type": 3,
      "isButton": 1
  },
  {
      "id": 184,
      "name": "审批设置",
      "icon": "icon-accraditation",
      "url": "Accraditation",
      "pathName": "Accraditation",
      "pid": 154,
      "sort": 184,
      "type": 3,
      "isButton": 0
  },
  {
      "id": 185,
      "name": "配置审批流",
      "icon": "",
      "url": "ConfigAccraditation",
      "pathName": "ConfigAccraditation",
      "pid": 154,
      "sort": 185,
      "type": 3,
      "isButton": 1
  },
  {
      "id": 186,
      "name": "表单组件",
      "icon": "icon-form",
      "url": "Form",
      "pathName": "Form",
      "pid": 154,
      "sort": 186,
      "type": 3,
      "isButton": 0
  },
  {
      "id": 187,
      "name": "增加表单",
      "icon": "",
      "url": "AddForm",
      "pathName": "AddForm",
      "pid": 154,
      "sort": 187,
      "type": 3,
      "isButton": 1
  },
  {
      "id": 188,
      "name": "编辑表单",
      "icon": "",
      "url": "AddForm",
      "pathName": "AddForm",
      "pid": 154,
      "sort": 188,
      "type": 3,
      "isButton": 1
  },
  {
      "id": 189,
      "name": "删除表单",
      "icon": "",
      "url": "",
      "pathName": "",
      "pid": 154,
      "sort": 189,
      "type": 3,
      "isButton": 1
  },
  {
      "id": 190,
      "name": "房型管理",
      "icon": "icon-housetype",
      "url": "HouseType",
      "pathName": "HouseType",
      "pid": 154,
      "sort": 190,
      "type": 3,
      "isButton": 0
  },
  {
      "id": 191,
      "name": "增加房间类型",
      "icon": "",
      "url": "",
      "pathName": "",
      "pid": 154,
      "sort": 191,
      "type": 3,
      "isButton": 1
  },
  {
      "id": 192,
      "name": "编辑房间类型",
      "icon": "",
      "url": "",
      "pathName": "",
      "pid": 154,
      "sort": 192,
      "type": 3,
      "isButton": 1
  },
  {
      "id": 193,
      "name": "删除房间类型",
      "icon": "",
      "url": "",
      "pathName": "",
      "pid": 154,
      "sort": 193,
      "type": 3,
      "isButton": 1
  },
  {
      "id": 194,
      "name": "账号设置",
      "icon": "icon-account",
      "url": "Account",
      "pathName": "Account",
      "pid": 154,
      "sort": 194,
      "type": 3,
      "isButton": 0
  }
]
