[
  {
    "id":"1",
    "name": "张晓雅",
    "contact": "17768089870",
    "ibnumber": "320723871887323",
    "statistics": "2000.00"
  },
  {
    "id":"2",
    "name": "王海峰",
    "contact": "17768089870",
    "ibnumber": "320723871887323",
    "statistics": "2000.00"
  },
  {
    "id":"3",
    "name": "李梦辰",
    "contact": "17768089870",
    "ibnumber": "320723871887323",
    "statistics": "2000.00"
  },
  {
    "id":"4",
    "name": "张晓雅",
    "contact": "17768089870",
    "ibnumber": "320723871887323",
    "statistics": "2000.00"
  },
  {
    "id":"5",
    "name": "王海峰",
    "contact": "17768089870",
    "ibnumber": "320723871887323",
    "statistics": "2000.00"
  },
  {
    "id":"6",
    "name": "李梦辰",
    "contact": "17768089870",
    "ibnumber": "320723871887323",
    "statistics": "2000.00"
  }
]
