[
  {
    "id": "1",
    "station": "管理员",
    "bank": "3",
    "creator": "徐晓迪",
    "created": "2020-02-02 16：00"
  },
  {
    "id": "2",
    "station": "企业管理员",
    "bank": "3",
    "creator": "李明",
    "created": "2020-02-02 16：00"
  },
  {
    "id": "3",
    "station": "安防管理员",
    "bank": "3",
    "creator": "王峰",
    "created": "2020-02-02 16：00"
  },
  {
    "id": "4",
    "station": "环保管理员",
    "bank": "3",
    "creator": "徐晓迪",
    "created": "2020-02-02 16：00"
  },
  {
    "id": "5",
    "station": "设备管理员",
    "bank": "3",
    "creator": "徐晓迪",
    "created": "2020-02-02 16：00"
  }
]
