[
    {
        "id":"1",
        "project":"晨起",
        "shape":"月任务",
        "frequency":"5",
        "describe":"辅助老人晨起"
    },
    {
        "id":"2",
        "project":"运动",
        "shape":"周任务",
        "frequency":"3",
        "describe":"辅助老人运动"
    },
    {
        "id":"3",
        "project":"娱乐",
        "shape":"天任务",
        "frequency":"4",
        "describe":"辅助老人娱乐"
    },
    {
        "id":"4",
        "project":"晨起",
        "shape":"月任务",
        "frequency":"2",
        "describe":"辅助老人就寝"
    }
   
]