[
  {
    "id": 1,
    "creation": "2020-02-02 14：00",
    "applicant": "张三",
    "organization": "南门养老院",
    "species": 4,
    "arrival": "2020-04-04",
    "state": "待发货"
  },
  {
    "id": 2,
    "creation": "2020-02-02 14：00",
    "applicant": "张三",
    "organization": "南海养老院",
    "species": 4,
    "arrival": "2020-04-04",
    "state": "待发货"
  },
  {
    "id": 3,
    "creation": "2020-02-02 14：00",
    "applicant": "张三",
    "organization": "养老院B",
    "species": 5,
    "arrival": "2020-04-04",
    "state": "已收货"
  }
]
