[
  {
    "id": "1",
    "title": "张国峰",
    "feedback": "男",
    "complaint": "17768089849",
    "addTime": "上海红房子医院",
    "executor": "5",
    "completiontime": "1000"
  },
   {
    "id": "2",
    "title": "张国峰",
    "feedback": "男",
    "complaint": "17768089849",
    "addTime": "上海红房子医院",
    "executor": "5",
    "completiontime": "1000"
  },
  {
   "id": "3",
   "title": "张国峰",
   "feedback": "男",
   "complaint": "17768089849",
   "addTime": "上海红房子医院",
   "executor": "5",
   "completiontime": "1000"
 },
 {
  "id": "4",
  "title": "张国峰",
  "feedback": "男",
  "complaint": "17768089849",
  "addTime": "上海红房子医院",
  "executor": "5",
  "completiontime": "1000"
},
{
 "id": "5",
 "title": "张国峰",
 "feedback": "男",
 "complaint": "17768089849",
 "addTime": "上海红房子医院",
 "executor": "5",
 "completiontime": "1000"
}
]
