[
    {
        "id":"1",
        "name":"点餐服务",
        "describe":"当老人有加餐需求时，护理员协助老人进行点餐"
    },
    {
        "id":"2",
        "name":"协助取餐",
        "describe":"当后勤厨房送餐到楼层门前时，护理员展示自身二维码给送餐员进行扫描，同时护理员收到所需的老人床位信息和数量，在手机上进行收到确认"
    },
    {
        "id":"3",
        "name":"协助用餐",
        "describe":"护理员对需要辅助用餐的老人进行辅助喂食"
    }
]