[
  {
    "name": "张晓雅",
    "contact": "17768089870",
    "ibnumber": "320723871887323",
    "payroll": "2000.00",
    "settled": "1000.00"
  },
  {
    "name": "王海峰",
    "contact": "17768089870",
    "ibnumber": "320723871887323",
    "payroll": "2000.00",
    "settled": "1000.00"
  },
  {
    "name": "李梦辰",
    "contact": "17768089870",
    "ibnumber": "320723871887323",
    "payroll": "2000.00",
    "settled": "1000.00"
  },
  {
    "name": "张晓雅",
    "contact": "17768089870",
    "ibnumber": "320723871887323",
    "payroll": "2000.00",
    "settled": "1000.00"
  },
  {
    "name": "王海峰",
    "contact": "17768089870",
    "ibnumber": "320723871887323",
    "payroll": "2000.00",
    "settled": "1000.00"
  },
  {
    "name": "李梦辰",
    "contact": "17768089870",
    "ibnumber": "320723871887323",
    "payroll": "2000.00",
    "settled": "1000.00"
  }
]
