[
    {
        "id": "1",
        "name":"张晓雅",
        "tel":"17727838239",
        "station":"护工",
        "service":"张海迪、李海涛",
        "branch":"财务部"
    },
    {
        "id": "2",
        "name":"李梦辰",
        "tel":"17727838239",
        "station":"护工",
        "service":"张三、李四",
        "branch":"财务部"
    },
    {
        "id": "3",
        "name":"王海峰",
        "tel":"17727838239",
        "station":"护工",
        "service":"韦海宝、唐海",
        "branch":"财务部"
    }
]